06/07/2013 18:30:16, 26
06/07/2013 18:30:24, 26
06/07/2013 18:30:33, 26
06/07/2013 18:30:42, 26
06/07/2013 18:30:51, 26
06/07/2013 18:31:00, 26
06/07/2013 18:31:09, 26
06/07/2013 18:31:17, 26
06/07/2013 18:31:27, 26
06/07/2013 18:31:35, 26
06/07/2013 18:32:16, 26
06/07/2013 18:32:23, 26
06/07/2013 18:32:30, 26
06/07/2013 18:32:37, 26
06/07/2013 18:32:44, 26
06/07/2013 18:32:51, 26
06/07/2013 18:32:58, 26
06/07/2013 18:33:05, 26
06/07/2013 18:33:12, 26
06/07/2013 18:33:19, 26
06/07/2013 18:33:26, 26
06/07/2013 18:33:32, 26
06/07/2013 18:33:39, 26
06/07/2013 18:33:46, 26
06/07/2013 18:33:53, 26
06/07/2013 18:34:00, 26
06/07/2013 18:34:07, 26
06/07/2013 18:34:14, 26
06/07/2013 18:34:21, 26
06/07/2013 18:34:28, 26
06/07/2013 18:34:35, 26
06/07/2013 18:34:42, 26
06/07/2013 18:34:49, 26
06/07/2013 18:34:56, 26
06/07/2013 18:35:03, 26
06/07/2013 18:35:10, 26
06/07/2013 18:35:17, 26
06/07/2013 18:35:24, 26
06/07/2013 18:35:31, 26
06/07/2013 18:35:38, 26
06/07/2013 18:35:45, 26
06/07/2013 18:35:52, 26
06/07/2013 18:35:59, 26
06/07/2013 18:36:06, 26
06/07/2013 18:36:13, 26
06/07/2013 18:36:19, 26
06/07/2013 18:36:26, 26
06/07/2013 18:36:33, 26
06/07/2013 18:36:41, 26
06/07/2013 18:36:48, 26
06/07/2013 18:36:55, 26
06/07/2013 18:37:02, 26
06/07/2013 18:37:09, 26
06/07/2013 18:37:16, 26
06/07/2013 18:37:23, 26
06/07/2013 18:37:30, 26
06/07/2013 18:37:37, 26
06/07/2013 18:37:44, 26
06/07/2013 18:37:50, 26
06/07/2013 18:37:57, 26
06/07/2013 18:38:04, 26
06/07/2013 18:38:11, 26
06/07/2013 18:38:18, 26
06/07/2013 18:38:25, 26
06/07/2013 18:38:32, 26
06/07/2013 18:38:39, 26
06/07/2013 18:38:46, 26
06/07/2013 18:38:53, 26
06/07/2013 18:39:00, 26
06/07/2013 18:39:07, 26
06/07/2013 18:39:14, 26
06/07/2013 18:39:21, 26
06/07/2013 18:39:28, 26
06/07/2013 18:39:35, 26
06/07/2013 18:39:42, 26
06/07/2013 18:39:49, 26
06/07/2013 18:39:56, 26
06/07/2013 18:40:03, 26
06/07/2013 18:40:10, 26
06/07/2013 18:40:17, 26
06/07/2013 18:40:24, 26
06/07/2013 18:40:31, 26
06/07/2013 18:40:37, 26
06/07/2013 18:40:44, 26
06/07/2013 18:40:51, 26
06/07/2013 18:40:58, 26
06/07/2013 18:41:05, 26
06/07/2013 18:41:12, 26
06/07/2013 18:41:19, 26
06/07/2013 18:41:26, 26
06/07/2013 18:41:33, 26
06/07/2013 18:41:40, 26
06/07/2013 18:41:47, 26
06/07/2013 18:41:54, 26
06/07/2013 18:42:01, 26
06/07/2013 18:42:08, 26
06/07/2013 18:42:15, 26
06/07/2013 18:42:22, 26
06/07/2013 18:42:29, 26
06/07/2013 18:42:36, 26
06/07/2013 18:42:43, 26
06/07/2013 18:42:50, 26
06/07/2013 18:42:57, 26
06/07/2013 18:43:04, 26
06/07/2013 18:43:11, 26
06/07/2013 18:43:18, 26
06/07/2013 18:43:24, 26
06/07/2013 18:43:31, 26
06/07/2013 18:43:38, 26
06/07/2013 18:43:45, 26
06/07/2013 18:43:52, 26
06/07/2013 18:43:59, 26
06/07/2013 18:44:06, 26
06/07/2013 18:44:13, 25
06/07/2013 18:44:20, 25
06/07/2013 18:44:27, 25
06/07/2013 18:44:34, 24
06/07/2013 18:44:41, 24
06/07/2013 18:44:48, 24
06/07/2013 18:44:55, 24
06/07/2013 18:45:02, 24
06/07/2013 18:45:09, 24
06/07/2013 18:45:16, 23
06/07/2013 18:45:23, 23
06/07/2013 18:45:30, 23
06/07/2013 18:45:37, 23
06/07/2013 18:45:44, 23
06/07/2013 18:45:51, 23
06/07/2013 18:45:58, 23
06/07/2013 18:46:04, 23
06/07/2013 18:46:11, 23
06/07/2013 18:46:18, 23
06/07/2013 18:46:25, 23
06/07/2013 18:46:32, 23
06/07/2013 18:46:39, 23
06/07/2013 18:46:46, 23
06/07/2013 18:46:53, 23
06/07/2013 18:47:00, 22
06/07/2013 18:47:07, 22
06/07/2013 18:47:14, 22
06/07/2013 18:47:21, 22
06/07/2013 18:47:28, 22
06/07/2013 18:47:35, 22
06/07/2013 18:47:42, 22
06/07/2013 18:47:49, 22
06/07/2013 18:47:56, 22
06/07/2013 18:48:03, 22
06/07/2013 18:48:10, 22
06/07/2013 18:48:17, 22
06/07/2013 18:48:23, 22
06/07/2013 18:48:30, 22
06/07/2013 18:48:37, 22
06/07/2013 18:48:44, 22
06/07/2013 18:48:51, 22
06/07/2013 18:48:58, 22
06/07/2013 18:49:05, 22
06/07/2013 18:49:12, 22
06/07/2013 18:49:19, 22
06/07/2013 18:49:26, 22
06/07/2013 18:49:33, 22
06/07/2013 18:49:40, 22
06/07/2013 18:49:47, 22
06/07/2013 18:49:54, 22
06/07/2013 18:50:01, 22
06/07/2013 18:50:08, 22
06/07/2013 18:50:15, 22
06/07/2013 18:50:22, 22
06/07/2013 18:50:29, 22
06/07/2013 18:50:36, 22
06/07/2013 18:50:43, 22
06/07/2013 18:50:49, 22
06/07/2013 18:50:56, 22
06/07/2013 18:51:03, 22
06/07/2013 18:51:10, 22
06/07/2013 18:51:17, 22
06/07/2013 18:51:24, 22
06/07/2013 18:51:31, 22
06/07/2013 18:51:38, 22
06/07/2013 18:51:45, 22
06/07/2013 18:51:52, 22
06/07/2013 18:51:59, 22
06/07/2013 18:52:06, 22
06/07/2013 18:52:13, 22
06/07/2013 18:52:20, 22
06/07/2013 18:52:27, 22
06/07/2013 18:52:34, 22
06/07/2013 18:52:41, 22
06/07/2013 18:52:48, 22
06/07/2013 18:52:55, 22
06/07/2013 18:53:02, 22
06/07/2013 18:53:09, 22
06/07/2013 18:53:16, 22
06/07/2013 18:53:22, 22
06/07/2013 18:53:29, 22
06/07/2013 18:53:36, 22
06/07/2013 18:53:43, 22
06/07/2013 18:53:50, 22
06/07/2013 18:53:57, 22
06/07/2013 18:54:04, 22
06/07/2013 18:54:11, 22
06/07/2013 18:54:18, 22
06/07/2013 18:54:25, 22
06/07/2013 18:54:32, 22
06/07/2013 18:54:39, 21
06/07/2013 18:54:46, 22
06/07/2013 18:54:53, 22
06/07/2013 18:55:00, 22
06/07/2013 18:55:07, 22
06/07/2013 18:55:14, 22
06/07/2013 18:55:21, 22
06/07/2013 18:55:28, 22
06/07/2013 18:55:35, 22
06/07/2013 18:55:41, 22
06/07/2013 18:55:49, 22
06/07/2013 18:55:55, 22
06/07/2013 18:56:02, 22
06/07/2013 18:56:09, 22
06/07/2013 18:56:16, 22
06/07/2013 18:56:23, 22
06/07/2013 18:56:30, 22
06/07/2013 18:56:37, 21
06/07/2013 18:56:44, 21
06/07/2013 18:56:51, 21
06/07/2013 18:56:58, 22
06/07/2013 18:57:05, 22
06/07/2013 18:57:12, 22
06/07/2013 18:57:19, 22
06/07/2013 18:57:26, 22
06/07/2013 18:57:33, 22
06/07/2013 18:57:40, 21
06/07/2013 18:57:47, 21
06/07/2013 18:57:54, 21
06/07/2013 18:58:01, 21
06/07/2013 18:58:08, 21
06/07/2013 18:58:15, 21
06/07/2013 18:58:22, 21
06/07/2013 18:58:28, 21
06/07/2013 18:58:35, 21
06/07/2013 18:58:42, 21
06/07/2013 18:58:49, 21
06/07/2013 18:58:56, 21
06/07/2013 18:59:03, 21
06/07/2013 18:59:10, 21
06/07/2013 18:59:17, 21
06/07/2013 18:59:24, 21
06/07/2013 18:59:31, 21
06/07/2013 18:59:38, 21
06/07/2013 18:59:45, 21
06/07/2013 18:59:52, 21
06/07/2013 18:59:59, 21
06/07/2013 19:00:06, 21
06/07/2013 19:00:13, 21
06/07/2013 19:00:20, 21
06/07/2013 19:00:27, 21
06/07/2013 19:00:34, 21
06/07/2013 19:00:41, 21
06/07/2013 19:00:48, 21
06/07/2013 19:00:55, 21
06/07/2013 19:01:02, 21
06/07/2013 19:01:08, 21
06/07/2013 19:01:15, 21
06/07/2013 19:01:22, 21
06/07/2013 19:01:29, 21
06/07/2013 19:01:36, 21
06/07/2013 19:01:43, 21
06/07/2013 19:01:50, 21
06/07/2013 19:01:57, 21
06/07/2013 19:02:04, 21
06/07/2013 19:02:11, 21
06/07/2013 19:02:18, 21
06/07/2013 19:02:25, 21
06/07/2013 19:02:32, 21
06/07/2013 19:02:39, 21
06/07/2013 19:02:46, 21
06/07/2013 19:02:53, 21
06/07/2013 19:03:00, 21
06/07/2013 19:03:07, 21
06/07/2013 19:03:14, 21
06/07/2013 19:03:21, 21
06/07/2013 19:03:28, 21
06/07/2013 19:03:35, 21
06/07/2013 19:03:41, 21
06/07/2013 19:03:48, 21
06/07/2013 19:03:55, 21
06/07/2013 19:04:02, 21
06/07/2013 19:04:09, 21
06/07/2013 19:04:16, 21
06/07/2013 19:04:23, 21
06/07/2013 19:04:30, 21
06/07/2013 19:04:37, 21
06/07/2013 19:04:44, 21
06/07/2013 19:04:51, 21
06/07/2013 19:04:58, 21
06/07/2013 19:05:05, 21
06/07/2013 19:05:12, 21
06/07/2013 19:05:19, 21
06/07/2013 19:05:26, 21
06/07/2013 19:05:33, 21
06/07/2013 19:05:40, 21
06/07/2013 19:05:47, 21
06/07/2013 19:05:54, 21
06/07/2013 19:06:01, 21
06/07/2013 19:06:08, 21
06/07/2013 19:06:15, 21
06/07/2013 19:06:21, 21
06/07/2013 19:06:28, 21
06/07/2013 19:06:35, 21
06/07/2013 19:06:42, 21
06/07/2013 19:06:49, 21
06/07/2013 19:06:56, 21
06/07/2013 19:07:03, 21
06/07/2013 19:07:10, 21
06/07/2013 19:07:17, 21
06/07/2013 19:07:24, 21
06/07/2013 19:07:31, 21
06/07/2013 19:07:38, 21
06/07/2013 19:07:45, 21
06/07/2013 19:07:52, 21
06/07/2013 19:07:59, 21
06/07/2013 19:08:06, 21
06/07/2013 19:08:13, 21
06/07/2013 19:08:20, 21
06/07/2013 19:08:27, 21
06/07/2013 19:08:34, 21
06/07/2013 19:08:41, 21
06/07/2013 19:08:48, 21
06/07/2013 19:08:55, 21
06/07/2013 19:09:02, 21
06/07/2013 19:09:08, 21
06/07/2013 19:09:15, 21
06/07/2013 19:09:22, 21
06/07/2013 19:09:29, 21
06/07/2013 19:09:36, 21
06/07/2013 19:09:43, 21
06/07/2013 19:09:50, 21
06/07/2013 19:09:57, 21
06/07/2013 19:10:04, 21
06/07/2013 19:10:11, 21
06/07/2013 19:10:18, 21
06/07/2013 19:10:25, 21
06/07/2013 19:10:32, 21
06/07/2013 19:10:39, 21
06/07/2013 19:10:46, 21
06/07/2013 19:10:53, 21
06/07/2013 19:11:03, 21
06/07/2013 19:11:10, 21
06/07/2013 19:11:17, 21
06/07/2013 19:11:24, 21
06/07/2013 19:11:31, 21
06/07/2013 19:11:38, 21
06/07/2013 19:11:45, 21
06/07/2013 19:11:52, 21
06/07/2013 19:11:59, 21
06/07/2013 19:12:06, 21
06/07/2013 19:12:13, 21
06/07/2013 19:12:20, 21
06/07/2013 19:12:27, 21
06/07/2013 19:12:34, 21
06/07/2013 19:12:41, 21
06/07/2013 19:12:48, 21
06/07/2013 19:12:55, 21
06/07/2013 19:13:02, 21
06/07/2013 19:13:09, 21
06/07/2013 19:13:15, 21
06/07/2013 19:13:22, 21
06/07/2013 19:13:29, 21
06/07/2013 19:13:36, 21
06/07/2013 19:13:43, 21
06/07/2013 19:13:50, 21
06/07/2013 19:13:57, 21
06/07/2013 19:14:04, 21
06/07/2013 19:14:11, 21
06/07/2013 19:14:18, 21
06/07/2013 19:14:25, 21
06/07/2013 19:14:32, 21
06/07/2013 19:14:39, 21
06/07/2013 19:14:46, 21
06/07/2013 19:14:53, 21
06/07/2013 19:15:00, 21
06/07/2013 19:15:07, 21
06/07/2013 19:15:14, 21
06/07/2013 19:15:21, 21
06/07/2013 19:15:28, 21
06/07/2013 19:15:35, 21
06/07/2013 19:15:42, 21
06/07/2013 19:15:49, 21
06/07/2013 19:15:56, 21
06/07/2013 19:16:02, 21
06/07/2013 19:16:09, 21
06/07/2013 19:16:16, 21
06/07/2013 19:16:23, 21
06/07/2013 19:16:30, 21
06/07/2013 19:16:37, 21
06/07/2013 19:16:44, 21
06/07/2013 19:16:51, 21
06/07/2013 19:16:58, 21
06/07/2013 19:17:05, 21
06/07/2013 19:17:12, 21
06/07/2013 19:17:19, 21
06/07/2013 19:17:26, 21
06/07/2013 19:17:33, 21
06/07/2013 19:17:40, 21
06/07/2013 19:17:47, 21
06/07/2013 19:17:54, 21
06/07/2013 19:18:01, 21
06/07/2013 19:18:08, 21
06/07/2013 19:18:15, 21
06/07/2013 19:18:22, 21
06/07/2013 19:18:29, 21
06/07/2013 19:18:36, 21
06/07/2013 19:18:42, 21
06/07/2013 19:18:49, 21
06/07/2013 19:18:56, 21
06/07/2013 19:19:03, 21
06/07/2013 19:19:10, 21
06/07/2013 19:19:17, 21
06/07/2013 19:19:24, 21
06/07/2013 19:19:31, 21
06/07/2013 19:19:38, 21
06/07/2013 19:19:45, 21
06/07/2013 19:19:52, 21
06/07/2013 19:19:59, 21
06/07/2013 19:20:06, 21
06/07/2013 19:20:13, 21
06/07/2013 19:20:20, 21
06/07/2013 19:20:27, 21
06/07/2013 19:20:34, 21
06/07/2013 19:20:41, 21
06/07/2013 19:20:48, 21
06/07/2013 19:20:55, 21
06/07/2013 19:21:02, 21
06/07/2013 19:21:09, 21
06/07/2013 19:21:16, 21
06/07/2013 19:21:23, 21
06/07/2013 19:21:29, 21
06/07/2013 19:21:36, 21
06/07/2013 19:21:43, 21
06/07/2013 19:21:50, 21
06/07/2013 19:21:57, 21
06/07/2013 19:22:04, 21
06/07/2013 19:22:11, 21
06/07/2013 19:22:18, 21
06/07/2013 19:22:25, 21
06/07/2013 19:22:32, 21
06/07/2013 19:22:39, 21
06/07/2013 19:22:46, 21
06/07/2013 19:22:53, 21
06/07/2013 19:23:00, 21
06/07/2013 19:23:07, 21
06/07/2013 19:23:14, 21
06/07/2013 19:23:21, 21
06/07/2013 19:23:28, 21
06/07/2013 19:23:35, 21
06/07/2013 19:23:42, 21
06/07/2013 19:23:49, 21
06/07/2013 19:23:56, 21
06/07/2013 19:24:03, 21
06/07/2013 19:24:10, 21
06/07/2013 19:24:17, 21
06/07/2013 19:24:24, 21
06/07/2013 19:24:31, 21
06/07/2013 19:24:38, 21
06/07/2013 19:24:45, 21
06/07/2013 19:24:52, 21
06/07/2013 19:24:59, 21
06/07/2013 19:25:06, 21
06/07/2013 19:25:13, 21
06/07/2013 19:25:20, 21
06/07/2013 19:25:27, 21
06/07/2013 19:25:34, 21
06/07/2013 19:25:41, 21
06/07/2013 19:25:47, 21
06/07/2013 19:25:54, 21
06/07/2013 19:26:01, 21
06/07/2013 19:26:08, 21
06/07/2013 19:26:15, 21
06/07/2013 19:26:22, 21
06/07/2013 19:26:29, 21
06/07/2013 19:26:36, 21
06/07/2013 19:26:43, 21
06/07/2013 19:26:50, 21
06/07/2013 19:26:57, 21
06/07/2013 19:27:04, 21
06/07/2013 19:27:11, 21
06/07/2013 19:27:18, 21
06/07/2013 19:27:25, 21
06/07/2013 19:27:32, 21
06/07/2013 19:27:39, 21
06/07/2013 19:27:46, 21
06/07/2013 19:27:53, 21
06/07/2013 19:28:00, 21
06/07/2013 19:28:06, 21
06/07/2013 19:28:14, 21
06/07/2013 19:28:21, 21
06/07/2013 19:28:28, 21
06/07/2013 19:28:35, 21
06/07/2013 19:28:42, 21
06/07/2013 19:28:49, 21
06/07/2013 19:28:56, 21
06/07/2013 19:29:03, 21
06/07/2013 19:29:10, 21
06/07/2013 19:29:17, 21
06/07/2013 19:29:24, 21
06/07/2013 19:29:31, 21
06/07/2013 19:29:37, 21
06/07/2013 19:29:44, 21
06/07/2013 19:29:51, 21
06/07/2013 19:29:58, 21
06/07/2013 19:30:05, 21
06/07/2013 19:30:12, 21
06/07/2013 19:30:19, 21
06/07/2013 19:30:26, 21
06/07/2013 19:30:33, 21
06/07/2013 19:30:40, 21
06/07/2013 19:30:47, 21
06/07/2013 19:30:54, 21
06/07/2013 19:31:01, 21
06/07/2013 19:31:08, 21
06/07/2013 19:31:15, 21
06/07/2013 19:31:22, 21
06/07/2013 19:31:29, 21
06/07/2013 19:31:36, 21
06/07/2013 19:31:43, 21
06/07/2013 19:31:50, 21
06/07/2013 19:31:57, 21
06/07/2013 19:32:04, 21
06/07/2013 19:32:10, 21
06/07/2013 19:32:17, 21
06/07/2013 19:32:24, 21
06/07/2013 19:32:31, 21
06/07/2013 19:32:38, 21
06/07/2013 19:32:46, 21
06/07/2013 19:32:53, 21
06/07/2013 19:33:00, 21
06/07/2013 19:33:07, 21
06/07/2013 19:33:14, 21
06/07/2013 19:33:21, 21
06/07/2013 19:33:28, 21
06/07/2013 19:33:34, 21
06/07/2013 19:33:41, 21
06/07/2013 19:33:48, 21
06/07/2013 19:33:55, 21
06/07/2013 19:34:02, 21
06/07/2013 19:34:09, 21
06/07/2013 19:34:16, 21
06/07/2013 19:34:23, 21
06/07/2013 19:34:30, 21
06/07/2013 19:34:37, 21
06/07/2013 19:34:44, 21
06/07/2013 19:34:51, 21
06/07/2013 19:34:58, 21
06/07/2013 19:35:05, 21
06/07/2013 19:35:12, 21
06/07/2013 19:35:19, 21
06/07/2013 19:35:26, 21
06/07/2013 19:35:33, 21
06/07/2013 19:35:40, 21
06/07/2013 19:35:47, 21
06/07/2013 19:35:54, 21
06/07/2013 19:36:00, 21
06/07/2013 19:36:07, 21
06/07/2013 19:36:14, 21
06/07/2013 19:36:21, 21
06/07/2013 19:36:28, 21
06/07/2013 19:36:35, 21
06/07/2013 19:36:42, 21
06/07/2013 19:36:49, 21
06/07/2013 19:36:56, 21
06/07/2013 19:37:03, 21
06/07/2013 19:37:10, 21
06/07/2013 19:37:17, 21
06/07/2013 19:37:24, 21
06/07/2013 19:37:31, 21
06/07/2013 19:37:38, 21
06/07/2013 19:37:45, 21
06/07/2013 19:37:52, 21
06/07/2013 19:37:59, 21
06/07/2013 19:38:06, 21
06/07/2013 19:38:13, 21
06/07/2013 19:38:20, 21
06/07/2013 19:38:27, 21
06/07/2013 19:38:33, 21
06/07/2013 19:38:40, 21
06/07/2013 19:38:47, 21
06/07/2013 19:38:54, 21
06/07/2013 19:39:01, 21
06/07/2013 19:39:08, 21
06/07/2013 19:39:15, 21
06/07/2013 19:39:22, 21
06/07/2013 19:39:29, 21
06/07/2013 19:39:36, 21
06/07/2013 19:39:43, 21
06/07/2013 19:39:50, 21
06/07/2013 19:39:57, 21
06/07/2013 19:40:04, 20
06/07/2013 19:40:11, 21
06/07/2013 19:40:18, 21
06/07/2013 19:40:25, 21
06/07/2013 19:40:32, 21
06/07/2013 19:40:39, 21
06/07/2013 19:40:46, 21
06/07/2013 19:40:53, 21
06/07/2013 19:41:00, 21
06/07/2013 19:41:06, 21
06/07/2013 19:41:13, 21
06/07/2013 19:41:20, 21
06/07/2013 19:41:27, 21
06/07/2013 19:41:34, 21
06/07/2013 19:41:41, 21
06/07/2013 19:41:48, 21
06/07/2013 19:41:55, 21
06/07/2013 19:42:02, 21
06/07/2013 19:42:09, 21
06/07/2013 19:42:16, 21
06/07/2013 19:42:23, 21
06/07/2013 19:42:30, 21
06/07/2013 19:42:37, 21
06/07/2013 19:42:44, 21
06/07/2013 19:42:51, 21
06/07/2013 19:42:58, 21
06/07/2013 19:43:05, 21
06/07/2013 19:43:12, 21
06/07/2013 19:43:19, 21
06/07/2013 19:43:26, 21
06/07/2013 19:43:32, 21
06/07/2013 19:43:39, 21
06/07/2013 19:43:46, 21
06/07/2013 19:43:53, 21
06/07/2013 19:44:00, 21
06/07/2013 19:44:07, 21
06/07/2013 19:44:14, 21
06/07/2013 19:44:21, 21
06/07/2013 19:44:28, 21
06/07/2013 19:44:35, 21
06/07/2013 19:44:42, 21
06/07/2013 19:44:49, 21
06/07/2013 19:44:56, 21
06/07/2013 19:45:03, 21
06/07/2013 19:45:10, 21
06/07/2013 19:45:17, 21
06/07/2013 19:45:24, 21
06/07/2013 19:45:31, 21
06/07/2013 19:45:38, 21
06/07/2013 19:45:45, 21
06/07/2013 19:45:51, 21
06/07/2013 19:45:58, 21
06/07/2013 19:46:05, 21
06/07/2013 19:46:12, 21
06/07/2013 19:46:19, 21
06/07/2013 19:46:26, 21
06/07/2013 19:46:33, 21
06/07/2013 19:46:40, 21
06/07/2013 19:46:47, 21
06/07/2013 19:46:54, 21
06/07/2013 19:47:01, 21
06/07/201